Label,# Samples,Average,Median,90% Line,95% Line,99% Line,Min,Max,Error %,App specific
jmeter_login_and_view_dashboard,200,446,375,515,691,1764,282,4532,0.0,False
jmeter_view_issue,14413,203,205,232,244,277,139,2426,0.0,False
jmeter_search_jql,4666,503,495,551,567,624,394,3176,0.0,False
jmeter_view_dashboard,4233,94,92,107,113,142,59,387,0.0,False
jmeter_view_scrum_board,3390,135,136,185,194,221,71,435,0.0,False
jmeter_create_issue:open_quick_create,1697,86,83,94,101,153,70,660,0.0,False
jmeter_create_issue:fill_and_submit_issue_form,1697,203,184,284,292,325,137,1158,0.0,False
jmeter_view_backlog,2534,336,327,382,406,443,267,4447,0.0,False
jmeter_view_kanban_board,2956,143,136,204,228,262,94,960,0.0,False
jmeter_browse_projects,3799,58,58,64,67,82,42,183,0.0,False
jmeter_edit_issue:open_editor,2113,106,106,120,126,151,74,877,0.0,False
jmeter_edit_issue:save_edit,2113,295,292,375,426,645,135,1088,0.0,False
jmeter_view_project_summary,1267,119,117,133,140,162,82,1558,0.0,False
jmeter_add_comment:open_comment,841,72,73,84,88,104,52,198,0.0,False
jmeter_add_comment:save_comment,840,280,266,340,351,380,188,712,0.0,False
jmeter_browse_boards,414,72,72,79,84,116,54,182,0.0,False
selenium_login:open_login_page,208,102,97,102,107,373,88,552,0.0,False
selenium_login:login_and_view_dashboard,208,504,495,530,560,656,415,1150,0.0,False
selenium_login,208,607,594,629,654,1115,513,1256,0.0,False
selenium_browse_projects_list,208,240,236,254,265,302,219,384,0.0,False
selenium_browse_boards_list,208,302,244,743,752,766,222,1479,0.0,False
selenium_create_issue:open_quick_create,208,640,638,656,663,671,615,683,0.0,False
selenium_create_issue:fill_and_submit_issue_form:submit_issue_form,208,601,598,609,613,619,585,1109,0.0,False
selenium_create_issue:fill_and_submit_issue_form,208,1117,1116,1159,1180,1190,1020,1657,0.0,False
selenium_create_issue,208,1758,1760,1804,1819,1846,1645,2300,0.0,False
selenium_edit_issue:open_edit_issue_form,208,566,616,654,665,677,386,731,0.0,False
selenium_edit_issue:save_edit_issue_form,208,562,537,704,729,743,466,755,0.0,False
selenium_edit_issue,208,1460,1433,1597,1633,1678,1332,1935,0.0,False
selenium_save_comment:open_comment_form,208,393,390,467,480,506,215,537,0.0,False
selenium_save_comment:submit_form,208,692,682,755,769,799,531,3556,0.0,False
selenium_save_comment,208,1193,1174,1292,1309,1618,963,4022,0.0,False
selenium_search_jql,208,2656,2640,2805,2853,3332,2431,4251,0.0,False
selenium_view_scrum_board_backlog,208,1051,1128,1196,1218,1243,766,1298,0.0,False
selenium_view_scrum_board,208,822,807,886,899,958,750,976,0.0,False
selenium_view_kanban_board,208,858,840,1121,1170,1302,360,1769,0.0,False
selenium_view_dashboard,208,395,366,591,629,684,180,708,0.0,False
selenium_view_issue,208,542,544,613,641,679,400,691,0.0,False
selenium_project_summary,208,413,399,506,540,594,317,618,0.0,False
scrum_poker_sessions,208,163,158,186,239,289,126,301,0.0,True
selenium_log_out,208,303,299,320,349,430,252,433,0.0,False
