Label,# Samples,Average,Median,90% Line,95% Line,99% Line,Min,Max,Error %,App specific
jmeter_login_and_view_dashboard,200,729,630,926,1088,3223,410,4357,0.0,False
jmeter_view_dashboard,4233,208,197,266,302,386,133,598,0.0,False
jmeter_view_issue,14413,349,323,456,519,667,229,2637,0.0,False
jmeter_view_scrum_board,3390,288,272,377,424,558,172,2768,0.0,False
jmeter_create_issue:open_quick_create,1697,85,78,113,130,167,56,917,0.0,False
jmeter_view_backlog,2533,474,447,600,688,888,309,3896,0.0,False
jmeter_search_jql,4666,776,738,971,1085,1366,517,5131,0.0,False
jmeter_create_issue:fill_and_submit_issue_form,1697,356,335,443,476,544,265,2251,0.0,False
jmeter_view_kanban_board,2956,318,302,419,473,616,170,1473,0.0,False
jmeter_browse_projects,3798,125,116,162,187,241,80,365,0.0,False
jmeter_edit_issue:open_editor,2113,175,164,227,257,318,119,429,0.0,False
jmeter_edit_issue:save_edit,2113,480,438,634,713,941,317,1585,0.0,False
jmeter_view_project_summary,1267,189,176,248,280,355,124,437,0.0,False
jmeter_add_comment:open_comment,841,130,124,163,184,237,88,372,0.0,False
jmeter_add_comment:save_comment,840,467,442,585,641,779,335,891,0.0,False
jmeter_browse_boards,414,139,130,172,210,284,94,323,0.0,False
selenium_login:open_login_page,145,1191,1182,1199,1203,1234,1163,2179,0.0,False
selenium_login:login_and_view_dashboard,145,2017,1866,3056,3250,3376,556,3406,0.0,False
selenium_login,145,3225,3058,4297,4451,4593,1744,5112,0.0,False
selenium_project_summary,145,352,315,367,402,516,284,3771,0.0,False
selenium_browse_projects_list,145,257,247,285,305,372,212,725,0.0,False
selenium_browse_boards_list,145,266,203,279,652,1461,173,3141,0.0,False
selenium_create_issue:open_quick_create,145,1439,1441,1977,2046,2119,700,2151,0.0,False
selenium_create_issue:fill_and_submit_issue_form:submit_issue_form,145,1260,1252,1782,1849,1932,621,1955,0.0,False
selenium_create_issue:fill_and_submit_issue_form,145,1864,1834,2394,2474,2595,1194,2649,0.0,False
selenium_create_issue,145,3303,3280,4383,4496,4627,2020,4711,0.0,False
selenium_edit_issue:open_edit_issue_form,145,445,428,490,527,595,391,1448,0.0,False
selenium_edit_issue:save_edit_issue_form,145,760,693,888,987,1769,586,4643,0.0,False
selenium_edit_issue,145,1889,1804,2051,2183,3065,1615,6862,0.0,False
selenium_save_comment:open_comment_form,145,211,204,242,274,302,169,316,0.0,False
selenium_save_comment:submit_form,145,671,655,798,826,864,554,880,0.0,False
selenium_save_comment,145,2110,2139,2643,2712,2977,995,3041,0.0,False
selenium_search_jql,145,1546,1518,1925,1988,2152,898,8057,0.0,False
selenium_view_scrum_board_backlog,145,1588,1637,2076,2144,2218,779,3190,0.0,False
selenium_view_scrum_board,145,1434,1415,1924,2012,2080,765,3051,0.0,False
selenium_view_kanban_board,145,1427,1431,1938,1998,2048,751,2113,0.0,False
selenium_view_dashboard,145,233,225,272,290,328,176,497,0.0,False
selenium_view_issue,145,460,449,527,559,646,386,706,0.0,False
selenium_log_out,145,319,313,346,372,407,285,465,0.0,False
