Label,# Samples,Average,Median,90% Line,95% Line,99% Line,Min,Max,Error %,App specific
jmeter_login_and_view_dashboard,200,1504,486,955,6799,24674,325,26727,0.0,False
jmeter_view_issue,14407,389,337,632,743,892,236,1257,0.0,False
jmeter_view_dashboard,4231,243,215,375,478,597,120,762,0.0,False
jmeter_search_jql,4664,841,779,1145,1287,1527,506,2151,0.0,False
jmeter_view_scrum_board,3389,338,305,515,609,756,182,1107,0.0,False
jmeter_view_backlog,2532,569,509,868,996,1163,337,1570,0.0,False
jmeter_create_issue:open_quick_create,1696,93,81,144,176,221,52,419,0.0,False
jmeter_create_issue:fill_and_submit_issue_form,1696,290,239,490,579,708,172,882,0.0,False
jmeter_browse_projects,3797,145,128,221,264,336,84,679,0.0,False
jmeter_view_kanban_board,2954,307,274,435,505,643,171,936,0.0,False
jmeter_edit_issue:open_editor,2112,196,170,307,359,451,113,679,0.0,False
jmeter_edit_issue:save_edit,2112,470,419,680,787,961,289,1483,0.0,False
jmeter_view_project_summary,1266,191,166,290,350,450,118,841,0.0,False
jmeter_add_comment:open_comment,840,136,129,164,202,271,92,549,0.0,False
jmeter_add_comment:save_comment,840,463,409,657,863,1047,290,1182,0.0,False
jmeter_browse_boards,414,191,164,304,348,422,97,476,0.0,False
selenium_login:open_login_page,175,105,97,122,158,273,84,409,0.0,False
selenium_login:login_and_view_dashboard,175,835,627,1342,1427,2203,498,2332,0.0,False
selenium_login,175,942,729,1444,1520,2298,597,2742,0.0,False
selenium_project_summary,175,398,378,442,476,618,295,2323,0.0,False
selenium_browse_projects_list,175,302,294,352,379,454,218,504,0.0,False
selenium_browse_boards_list,175,526,230,1074,1130,1221,196,2272,0.0,False
selenium_create_issue:open_quick_create,175,867,893,1092,1113,1143,595,1166,0.0,False
selenium_create_issue:fill_and_submit_issue_form:submit_issue_form,175,821,808,1007,1044,1207,588,1508,0.0,False
selenium_create_issue:fill_and_submit_issue_form,175,1411,1378,1596,1632,2082,1083,4850,0.0,False
selenium_create_issue,175,2279,2263,2681,2731,3181,1697,5540,0.0,False
selenium_edit_issue:open_edit_issue_form,175,422,384,526,681,863,344,980,0.0,False
selenium_edit_issue:save_edit_issue_form,175,478,454,556,659,771,401,829,0.0,False
selenium_edit_issue,175,1381,1309,1597,1834,2089,1204,2295,0.0,False
selenium_save_comment:open_comment_form,175,207,184,293,324,416,159,494,0.0,False
selenium_save_comment:submit_form,175,707,668,809,920,1163,564,2525,0.0,False
selenium_save_comment,175,1764,1751,1987,2067,2263,1155,3511,0.0,False
selenium_search_jql,175,1371,1248,1805,1981,2668,927,2712,0.0,False
selenium_view_scrum_board_backlog,175,1224,1155,1622,1664,1833,734,3163,0.0,False
selenium_view_scrum_board,175,999,998,1191,1230,1338,710,2751,0.0,False
selenium_view_kanban_board,175,1096,1112,1284,1335,1513,699,1614,0.0,False
selenium_view_dashboard,175,248,237,286,334,419,186,519,0.0,False
selenium_view_issue,175,519,510,589,628,786,397,891,0.0,False
selenium_log_out,175,290,278,349,386,437,233,473,0.0,False
