Label,# Samples,Average,Median,90% Line,95% Line,99% Line,Min,Max,Error %,App specific
jmeter_login_and_view_dashboard,200,450,357,481,775,2033,303,5674,0.0,False
jmeter_view_issue,14415,176,173,199,209,235,134,2607,0.0,False
jmeter_view_dashboard,4234,77,77,87,93,120,58,177,0.0,False
jmeter_view_scrum_board,3391,122,129,160,169,188,74,401,0.0,False
jmeter_search_jql,4667,497,488,550,572,621,397,4234,0.0,False
jmeter_create_issue:open_quick_create,1697,95,91,106,116,139,77,1498,0.0,False
jmeter_create_issue:fill_and_submit_issue_form,1697,200,197,221,233,266,157,1549,0.0,False
jmeter_view_kanban_board,2957,129,116,190,208,237,96,1733,0.0,False
jmeter_view_backlog,2534,329,320,362,375,415,277,5679,0.0,False
jmeter_browse_projects,3799,43,41,49,52,68,34,997,0.0,False
jmeter_edit_issue:open_editor,2114,80,77,92,98,120,65,1140,0.0,False
jmeter_edit_issue:save_edit,2113,229,219,278,317,409,109,1189,0.0,False
jmeter_view_project_summary,1267,101,99,119,125,143,66,400,0.0,False
jmeter_add_comment:open_comment,841,56,54,64,68,93,45,190,0.0,False
jmeter_add_comment:save_comment,841,242,239,275,287,325,191,496,0.0,False
jmeter_browse_boards,414,60,58,69,72,93,47,138,0.0,False
selenium_login:open_login_page,239,134,115,122,128,137,107,3883,0.0,False
selenium_login:login_and_view_dashboard,239,499,476,528,545,580,387,3689,0.0,False
selenium_login,239,633,594,651,664,951,506,7573,0.0,False
selenium_browse_projects_list,239,251,244,265,292,310,221,947,0.0,False
selenium_browse_boards_list,239,269,241,254,265,757,226,3859,0.0,False
selenium_create_issue:open_quick_create,239,686,692,727,736,753,626,1226,0.0,False
selenium_create_issue:fill_and_submit_issue_form:submit_issue_form,239,603,603,608,611,617,591,643,0.0,False
selenium_create_issue:fill_and_submit_issue_form,239,1102,1103,1151,1157,1169,1020,1189,0.0,False
selenium_create_issue,239,1789,1792,1851,1873,1910,1656,2312,0.0,False
selenium_edit_issue:open_edit_issue_form,239,501,473,597,611,649,397,1423,0.0,False
selenium_edit_issue:save_edit_issue_form,239,567,550,641,694,755,453,969,0.0,False
selenium_edit_issue,239,1444,1427,1534,1557,1844,1292,2467,0.0,False
selenium_save_comment:open_comment_form,239,324,330,368,381,412,219,498,0.0,False
selenium_save_comment:submit_form,239,695,685,737,764,844,588,2051,0.0,False
selenium_save_comment,239,1154,1152,1222,1241,1312,997,2694,0.0,False
selenium_search_jql,239,1186,1172,1215,1239,1388,1129,2658,0.0,False
selenium_view_scrum_board_backlog,239,1045,1216,1262,1274,1290,754,3255,0.0,False
selenium_view_scrum_board,239,792,765,836,867,917,745,2868,0.0,False
selenium_view_kanban_board,239,799,767,1141,1179,1294,304,1366,0.0,False
selenium_view_dashboard,239,418,420,607,654,727,191,834,0.0,False
selenium_view_issue,239,572,558,625,651,689,433,3194,0.0,False
selenium_project_summary,239,372,349,458,486,532,273,2145,0.0,False
scrum_poker_sessions,239,167,166,185,209,270,125,273,0.0,True
selenium_log_out,239,304,300,332,341,378,257,520,0.0,False
