Label,# Samples,Average,Median,90% Line,95% Line,99% Line,Min,Max,Error %,App specific
jmeter_login_and_view_dashboard,200,764,714,1025,1096,1641,435,2924,0.0,False
jmeter_view_dashboard,4232,256,243,338,378,471,136,1176,0.0,False
jmeter_view_scrum_board,3390,381,371,507,563,689,196,5087,0.0,False
jmeter_view_issue,14411,432,414,551,609,748,243,5960,0.0,False
jmeter_create_issue:open_quick_create,1697,102,90,142,168,222,52,2038,0.0,False
jmeter_search_jql,4666,951,919,1158,1267,1573,593,7943,0.0,False
jmeter_create_issue:fill_and_submit_issue_form,1697,317,300,441,479,606,175,3439,0.0,False
jmeter_view_kanban_board,2955,337,312,468,519,644,184,1222,0.0,False
jmeter_view_backlog,2533,623,597,762,838,1082,337,8801,0.0,False
jmeter_browse_projects,3798,168,156,229,257,322,92,848,0.0,False
jmeter_edit_issue:open_editor,2113,228,214,309,347,433,127,882,0.0,False
jmeter_edit_issue:save_edit,2113,533,493,719,810,1146,310,1863,0.0,False
jmeter_view_project_summary,1267,248,234,331,373,469,128,707,0.0,False
jmeter_add_comment:open_comment,840,173,160,235,258,352,102,901,0.0,False
jmeter_add_comment:save_comment,840,531,514,662,724,905,329,1471,0.0,False
jmeter_browse_boards,414,179,170,241,263,339,105,537,0.0,False
selenium_login:open_login_page,164,114,101,128,153,211,87,1217,0.0,False
selenium_login:login_and_view_dashboard,164,1169,1278,1434,1533,2137,527,6714,0.0,False
selenium_login,164,1285,1382,1550,1662,2239,623,7933,0.0,False
selenium_project_summary,164,411,367,431,479,1137,269,4366,0.0,False
selenium_browse_projects_list,164,292,284,344,372,398,217,500,0.0,False
selenium_browse_boards_list,164,751,838,1098,1118,1177,195,3919,0.0,False
selenium_create_issue:open_quick_create,164,891,920,1096,1112,1139,587,1214,0.0,False
selenium_create_issue:fill_and_submit_issue_form:submit_issue_form,164,840,823,1029,1104,1288,589,1430,0.0,False
selenium_create_issue:fill_and_submit_issue_form,164,1411,1388,1607,1681,1865,1128,2036,0.0,False
selenium_create_issue,164,2302,2328,2667,2756,2884,1740,3085,0.0,False
selenium_edit_issue:open_edit_issue_form,164,472,435,633,728,886,352,1970,0.0,False
selenium_edit_issue:save_edit_issue_form,164,528,514,644,673,757,412,823,0.0,False
selenium_edit_issue,164,1584,1464,2017,2097,2341,1237,3436,0.0,False
selenium_save_comment:open_comment_form,164,228,212,293,345,407,167,491,0.0,False
selenium_save_comment:submit_form,164,773,734,868,919,997,592,4232,0.0,False
selenium_save_comment,164,1840,1830,2032,2095,2183,1146,5347,0.0,False
selenium_search_jql,164,1460,1336,1969,2111,2422,989,3803,0.0,False
selenium_view_scrum_board_backlog,164,1257,1160,1631,1653,1747,719,4800,0.0,False
selenium_view_scrum_board,164,1023,1017,1183,1210,1296,733,3516,0.0,False
selenium_view_kanban_board,164,1110,1133,1312,1389,1511,725,1631,0.0,False
selenium_view_dashboard,164,272,262,334,342,380,208,453,0.0,False
selenium_view_issue,164,539,527,621,646,716,423,785,0.0,False
selenium_log_out,164,308,299,367,401,454,247,591,0.0,False
