Label,# Samples,Average,Median,90% Line,95% Line,99% Line,Min,Max,Error %,App specific
jmeter_login_and_view_dashboard,200,427,372,545,688,1021,272,4027,0.0,False
jmeter_view_issue,14415,208,206,231,243,281,153,2872,0.0,False
jmeter_search_jql,4666,510,503,566,589,642,394,2497,0.0,False
jmeter_view_dashboard,4233,99,96,113,120,150,67,491,0.0,False
jmeter_view_scrum_board,3390,137,138,175,182,207,82,2358,0.0,False
jmeter_create_issue:open_quick_create,1697,78,76,88,92,125,63,1134,0.0,False
jmeter_view_backlog,2534,342,334,394,411,457,266,3694,0.0,False
jmeter_create_issue:fill_and_submit_issue_form,1697,240,265,293,306,341,160,1646,0.0,False
jmeter_view_kanban_board,2956,140,128,216,237,260,97,1358,0.0,False
jmeter_browse_projects,3798,60,59,67,71,103,48,370,0.0,False
jmeter_edit_issue:open_editor,2113,107,106,121,128,159,83,534,0.0,False
jmeter_edit_issue:save_edit,2113,290,287,355,399,521,153,762,0.0,False
jmeter_view_project_summary,1267,116,113,132,143,170,83,679,0.0,False
jmeter_add_comment:open_comment,841,75,75,84,87,106,58,201,0.0,False
jmeter_add_comment:save_comment,841,300,311,343,358,381,215,430,0.0,False
jmeter_browse_boards,414,72,71,79,83,104,58,483,0.0,False
selenium_login:open_login_page,236,109,96,104,108,129,91,2664,0.0,False
selenium_login:login_and_view_dashboard,236,533,493,526,582,1143,454,3912,0.0,False
selenium_login,236,643,590,628,678,1238,549,6577,0.0,False
selenium_browse_projects_list,236,239,234,251,258,285,207,757,0.0,False
selenium_browse_boards_list,236,331,245,748,753,766,226,3262,0.0,False
selenium_create_issue:open_quick_create,236,639,636,650,656,667,609,1114,0.0,False
selenium_create_issue:fill_and_submit_issue_form:submit_issue_form,236,598,598,607,608,613,584,615,0.0,False
selenium_create_issue:fill_and_submit_issue_form,236,1110,1111,1156,1168,1208,976,1226,0.0,False
selenium_create_issue,236,1750,1748,1800,1812,1862,1665,2091,0.0,False
selenium_edit_issue:open_edit_issue_form,236,537,536,638,654,686,402,1231,0.0,False
selenium_edit_issue:save_edit_issue_form,236,556,535,696,718,746,463,762,0.0,False
selenium_edit_issue,236,1444,1416,1574,1619,1644,1304,2855,0.0,False
selenium_save_comment:open_comment_form,236,386,388,456,464,480,254,692,0.0,False
selenium_save_comment:submit_form,236,687,679,736,768,865,558,2178,0.0,False
selenium_save_comment,236,1181,1167,1268,1303,1546,956,2971,0.0,False
selenium_search_jql,236,1100,1092,1138,1156,1189,994,2684,0.0,False
selenium_view_scrum_board_backlog,236,1046,1064,1177,1188,1224,587,3198,0.0,False
selenium_view_scrum_board,236,835,814,890,928,964,730,3261,0.0,False
selenium_view_kanban_board,236,886,878,1202,1261,1360,309,1628,0.0,False
selenium_view_dashboard,236,361,352,540,586,682,176,786,0.0,False
selenium_view_issue,236,524,520,584,596,649,400,1749,0.0,False
selenium_project_summary,236,415,394,519,547,595,288,2262,0.0,False
scrum_poker_sessions,236,160,157,181,198,283,128,336,0.0,True
selenium_log_out,236,300,294,332,349,396,253,408,0.0,False
