Label,# Samples,Average,Median,90% Line,95% Line,99% Line,Min,Max,Error %,App specific
jmeter_login_and_view_dashboard,200,550,368,440,521,5142,312,14162,0.0,False
jmeter_view_issue,14412,224,219,252,266,298,179,974,0.0,False
jmeter_view_dashboard,4233,95,92,109,115,146,70,801,0.0,False
jmeter_search_jql,4666,522,515,583,605,654,406,1942,0.0,False
jmeter_view_scrum_board,3390,145,150,188,197,230,97,980,0.0,False
jmeter_view_backlog,2534,341,338,379,395,430,272,914,0.0,False
jmeter_create_issue:open_quick_create,1697,75,72,86,92,127,61,467,0.0,False
jmeter_create_issue:fill_and_submit_issue_form,1697,295,291,324,339,371,254,425,0.0,False
jmeter_view_kanban_board,2956,149,137,207,219,241,116,893,0.0,False
jmeter_browse_projects,3799,65,63,73,77,110,53,491,0.0,False
jmeter_edit_issue:open_editor,2113,114,112,124,130,162,93,440,0.0,False
jmeter_edit_issue:save_edit,2113,331,306,399,462,722,168,1209,0.0,False
jmeter_view_project_summary,1267,117,112,137,151,175,85,431,0.0,False
jmeter_add_comment:open_comment,841,79,78,86,89,124,67,141,0.0,False
jmeter_add_comment:save_comment,840,338,334,367,387,424,293,471,0.0,False
jmeter_browse_boards,414,76,75,81,85,121,66,144,0.0,False
selenium_login:open_login_page,234,98,95,103,104,138,86,534,0.0,False
selenium_login:login_and_view_dashboard,234,627,499,1139,1154,1196,412,2945,0.0,False
selenium_login,234,726,596,1237,1253,1298,501,3480,0.0,False
selenium_browse_projects_list,234,246,244,262,268,284,212,564,0.0,False
selenium_browse_boards_list,234,350,250,752,761,773,219,2328,0.0,False
selenium_create_issue:open_quick_create,234,642,639,657,662,686,620,826,0.0,False
selenium_create_issue:fill_and_submit_issue_form:submit_issue_form,234,601,599,607,611,620,584,1101,0.0,False
selenium_create_issue:fill_and_submit_issue_form,234,1117,1112,1165,1174,1203,1018,1536,0.0,False
selenium_create_issue,234,1760,1755,1808,1821,1852,1664,2363,0.0,False
selenium_edit_issue:open_edit_issue_form,234,549,564,653,663,686,412,969,0.0,False
selenium_edit_issue:save_edit_issue_form,234,576,548,724,737,761,478,805,0.0,False
selenium_edit_issue,234,1477,1447,1628,1646,1715,1326,1999,0.0,False
selenium_save_comment:open_comment_form,234,391,380,471,478,497,242,557,0.0,False
selenium_save_comment:submit_form,234,726,722,762,788,836,591,1714,0.0,False
selenium_save_comment,234,1225,1220,1313,1333,1569,1027,2363,0.0,False
selenium_search_jql,234,1098,1094,1142,1154,1174,1001,2240,0.0,False
selenium_view_scrum_board_backlog,234,1047,1124,1196,1216,1249,768,3767,0.0,False
selenium_view_scrum_board,234,838,825,891,904,977,354,2758,0.0,False
selenium_view_kanban_board,234,945,946,1228,1277,1351,388,1396,0.0,False
selenium_view_dashboard,234,341,348,511,552,662,177,709,0.0,False
selenium_view_issue,234,532,533,598,616,649,417,739,0.0,False
selenium_project_summary,234,413,392,512,527,578,302,2125,0.0,False
selenium_log_out,234,321,317,353,378,420,264,438,0.0,False
