Label,# Samples,Average,Median,90% Line,95% Line,99% Line,Min,Max,Error %,App specific
jmeter_login_and_view_dashboard,200,722,554,966,1235,5603,326,8461,0.0,False
jmeter_view_issue,14412,294,285,351,374,438,224,4579,0.0,False
jmeter_search_jql,4666,674,663,772,805,901,494,7049,0.0,False
jmeter_view_dashboard,4233,192,186,227,246,298,127,790,0.0,False
jmeter_view_scrum_board,3390,261,252,326,344,411,177,2799,0.0,False
jmeter_create_issue:open_quick_create,1697,88,81,108,120,185,58,3559,0.0,False
jmeter_view_kanban_board,2956,240,229,298,326,378,171,1483,0.0,False
jmeter_create_issue:fill_and_submit_issue_form,1697,285,306,362,385,459,155,2867,0.0,False
jmeter_view_backlog,2533,445,431,516,551,625,336,7986,0.0,False
jmeter_browse_projects,3798,110,105,133,146,199,80,292,0.0,False
jmeter_edit_issue:open_editor,2113,161,158,191,206,258,116,609,0.0,False
jmeter_edit_issue:save_edit,2113,416,402,533,592,925,226,1408,0.0,False
jmeter_view_project_summary,1267,165,160,194,213,268,118,324,0.0,False
jmeter_add_comment:open_comment,840,123,119,154,167,215,89,272,0.0,False
jmeter_add_comment:save_comment,840,406,415,501,538,611,272,940,0.0,False
jmeter_browse_boards,414,122,119,144,154,207,95,222,0.0,False
selenium_login:open_login_page,179,123,97,111,119,204,81,4190,0.0,False
selenium_login:login_and_view_dashboard,179,755,594,644,756,2071,491,21268,1.0,False
selenium_login,179,878,694,762,884,3069,584,21378,1.0,False
selenium_project_summary,178,401,376,418,433,460,284,4674,0.0,False
selenium_browse_projects_list,178,297,294,326,334,349,241,774,0.0,False
selenium_browse_boards_list,178,386,213,984,1050,1171,191,3102,0.0,False
selenium_create_issue:open_quick_create,178,861,896,1089,1126,1168,582,1252,0.0,False
selenium_create_issue:fill_and_submit_issue_form:submit_issue_form,178,822,814,1015,1037,1082,591,1125,0.0,False
selenium_create_issue:fill_and_submit_issue_form,178,1387,1386,1600,1637,1690,1060,1787,0.0,False
selenium_create_issue,178,2249,2243,2661,2735,2830,1659,2909,0.0,False
selenium_edit_issue:open_edit_issue_form,178,388,370,436,462,534,330,1539,0.0,False
selenium_edit_issue:save_edit_issue_form,178,449,435,496,523,578,388,835,0.0,False
selenium_edit_issue,178,1347,1284,1429,1891,2104,1184,3140,0.0,False
selenium_save_comment:open_comment_form,178,185,178,207,219,320,154,437,0.0,False
selenium_save_comment:submit_form,178,697,680,783,804,945,543,3784,0.0,False
selenium_save_comment,178,1749,1744,1935,1990,2058,1391,4403,0.0,False
selenium_search_jql,178,1171,1092,1561,1610,1773,865,3160,0.0,False
selenium_view_scrum_board_backlog,178,1251,1144,1612,1627,1669,747,3768,0.0,False
selenium_view_scrum_board,178,996,970,1178,1210,1259,715,3660,0.0,False
selenium_view_kanban_board,178,1082,1110,1236,1257,1399,707,1501,0.0,False
selenium_view_dashboard,178,227,223,250,261,279,199,299,0.0,False
selenium_view_issue,178,495,488,553,569,623,390,659,0.0,False
selenium_app_custom_action:view_sessions,178,163,159,179,187,243,134,426,0.0,True
selenium_app_custom_action,178,163,159,180,187,243,134,426,0.0,True
selenium_log_out,178,268,262,285,306,380,231,417,0.0,False
