Label,# Samples,Average,Median,90% Line,95% Line,99% Line,Min,Max,Error %,App specific
jmeter_login_and_view_dashboard,200,880,788,1306,1507,1875,468,2117,0.0,False
jmeter_view_issue,14414,671,648,883,956,1119,325,1622,0.0,False
jmeter_view_dashboard,4232,379,363,545,603,699,151,1008,0.0,False
jmeter_search_jql,4666,1290,1202,1771,1919,2294,611,4793,0.0,False
jmeter_view_scrum_board,3390,528,510,738,809,949,212,1398,0.0,False
jmeter_view_backlog,2534,779,742,1045,1180,1477,372,2056,0.0,False
jmeter_create_issue:open_quick_create,1697,150,146,209,234,289,67,425,0.0,False
jmeter_create_issue:fill_and_submit_issue_form,1697,657,642,767,810,893,500,1196,0.0,False
jmeter_view_kanban_board,2956,554,540,768,836,999,228,1251,0.0,False
jmeter_browse_projects,3798,217,205,313,351,421,93,562,0.0,False
jmeter_edit_issue:open_editor,2113,381,374,514,553,630,169,828,0.0,False
jmeter_edit_issue:save_edit,2113,898,786,1321,1471,1955,521,2984,0.0,False
jmeter_view_project_summary,1267,354,341,494,542,654,155,808,0.0,False
jmeter_add_comment:open_comment,841,248,236,357,392,464,128,700,0.0,False
jmeter_add_comment:save_comment,840,847,818,1094,1149,1357,543,1547,0.0,False
jmeter_browse_boards,414,269,258,374,427,493,124,584,0.0,False
selenium_login:open_login_page,133,130,118,181,199,234,88,362,0.0,False
selenium_login:login_and_view_dashboard,133,1134,1305,1594,1716,2476,519,2527,0.0,False
selenium_login,133,1284,1432,1771,1923,2656,678,2678,0.0,False
selenium_project_summary,133,395,360,469,495,1268,285,1310,0.0,False
selenium_browse_projects_list,133,283,272,352,382,453,203,495,0.0,False
selenium_browse_boards_list,133,408,244,1051,1232,1488,195,1515,0.0,False
selenium_create_issue:open_quick_create,133,1100,1131,1449,1482,1526,618,1596,0.0,False
selenium_create_issue:fill_and_submit_issue_form:submit_issue_form,133,1519,1533,1895,1938,1977,645,1981,0.0,False
selenium_create_issue:fill_and_submit_issue_form,133,2116,2115,2508,2538,2594,1172,2615,0.0,False
selenium_create_issue,133,3217,3244,3932,4013,4108,1896,4180,0.0,False
selenium_edit_issue:open_edit_issue_form,133,545,519,645,832,945,408,983,0.0,False
selenium_edit_issue:save_edit_issue_form,133,628,616,745,869,961,469,1059,0.0,False
selenium_edit_issue,133,1880,1749,2393,2514,2681,1401,2737,0.0,False
selenium_save_comment:open_comment_form,133,265,250,346,408,504,183,544,0.0,False
selenium_save_comment:submit_form,133,941,942,1072,1101,1208,736,1283,0.0,False
selenium_save_comment,133,2222,2258,2580,2648,2757,1462,2874,0.0,False
selenium_search_jql,133,1809,1653,2301,2460,3000,1268,9136,0.0,False
selenium_view_scrum_board_backlog,133,1470,1460,1838,1876,1927,763,2042,0.0,False
selenium_view_scrum_board,133,1236,1265,1571,1603,1661,735,1696,0.0,False
selenium_view_kanban_board,133,1303,1342,1561,1619,1718,709,1745,0.0,False
selenium_view_dashboard,133,282,274,354,377,432,206,503,0.0,False
selenium_view_issue,133,586,593,692,742,780,417,805,0.0,False
selenium_log_out,133,365,355,429,482,562,264,605,0.0,False
