Label,# Samples,Average,Median,90% Line,95% Line,99% Line,Min,Max,Error %,App specific
jmeter_login_and_view_dashboard,200,487,478,569,589,644,391,671,0.0,False
jmeter_view_issue,14414,324,319,374,397,448,240,616,0.0,False
jmeter_view_dashboard,4232,200,197,236,252,289,140,380,0.0,False
jmeter_search_jql,4666,715,706,815,854,935,513,1489,0.0,False
jmeter_view_scrum_board,3390,266,262,325,345,392,176,530,0.0,False
jmeter_view_backlog,2533,446,441,518,544,601,327,773,0.0,False
jmeter_create_issue:open_quick_create,1697,76,75,87,94,123,58,158,0.0,False
jmeter_create_issue:fill_and_submit_issue_form,1697,333,324,384,406,458,273,552,0.0,False
jmeter_view_kanban_board,2956,293,289,361,384,428,174,587,0.0,False
jmeter_browse_projects,3798,112,110,131,144,171,80,218,0.0,False
jmeter_edit_issue:open_editor,2113,162,158,187,202,238,119,332,0.0,False
jmeter_edit_issue:save_edit,2113,470,442,547,648,892,228,1616,0.0,False
jmeter_view_project_summary,1267,176,173,208,223,252,127,328,0.0,False
jmeter_add_comment:open_comment,841,121,119,137,158,181,91,218,0.0,False
jmeter_add_comment:save_comment,840,447,435,508,539,603,370,727,0.0,False
jmeter_browse_boards,414,127,124,148,158,189,97,230,0.0,False
selenium_login:open_login_page,145,1175,1171,1182,1187,1192,1156,1693,0.0,False
selenium_login:login_and_view_dashboard,145,2079,2098,3213,3358,3465,484,3494,0.0,False
selenium_login,145,3269,3294,4404,4550,4652,1668,4695,0.0,False
selenium_project_summary,145,352,318,496,519,596,276,670,0.0,False
selenium_browse_projects_list,145,265,264,287,292,316,225,329,0.0,False
selenium_browse_boards_list,145,241,202,227,305,1373,175,1850,0.0,False
selenium_create_issue:open_quick_create,145,1438,1421,1995,2072,2135,691,2170,0.0,False
selenium_create_issue:fill_and_submit_issue_form:submit_issue_form,145,1261,1272,1776,1871,1912,619,1970,0.0,False
selenium_create_issue:fill_and_submit_issue_form,145,1863,1854,2412,2452,2533,1182,2589,0.0,False
selenium_create_issue,145,3302,3241,4402,4535,4621,1896,4760,0.0,False
selenium_edit_issue:open_edit_issue_form,145,421,420,449,461,496,378,521,0.0,False
selenium_edit_issue:save_edit_issue_form,145,681,657,754,799,1049,570,1546,0.0,False
selenium_edit_issue,145,1784,1766,1884,1947,2176,1591,2638,0.0,False
selenium_save_comment:open_comment_form,145,205,202,223,244,275,151,282,0.0,False
selenium_save_comment:submit_form,145,667,642,755,850,908,552,928,0.0,False
selenium_save_comment,145,2120,2114,2772,2927,3015,1037,3074,0.0,False
selenium_search_jql,145,1450,1457,1943,2011,2168,892,2205,0.0,False
selenium_view_scrum_board_backlog,145,1612,1671,2095,2160,2261,757,2326,0.0,False
selenium_view_scrum_board,145,1416,1427,1954,2037,2101,733,2119,0.0,False
selenium_view_kanban_board,145,1430,1424,1968,2052,2080,750,2123,0.0,False
selenium_view_dashboard,145,220,216,243,250,302,181,405,0.0,False
selenium_view_issue,145,451,447,492,504,552,389,582,0.0,False
selenium_app_custom_action:view_sessions,145,165,164,179,189,203,140,209,0.0,True
selenium_app_custom_action,145,166,165,180,189,204,140,209,0.0,True
selenium_log_out,145,305,301,323,340,373,271,380,0.0,False
