Label,# Samples,Average,Median,90% Line,95% Line,99% Line,Min,Max,Error %,App specific
jmeter_login_and_view_dashboard,200,766,518,696,1224,7571,392,10813,0.0,False
jmeter_view_issue,14411,297,290,331,356,413,244,2718,0.0,False
jmeter_view_dashboard,4232,180,175,207,226,261,138,450,0.0,False
jmeter_search_jql,4666,651,642,721,746,833,516,5355,0.0,False
jmeter_view_scrum_board,3390,240,234,291,315,364,170,2746,0.0,False
jmeter_view_backlog,2533,386,379,425,440,499,325,2659,0.0,False
jmeter_create_issue:open_quick_create,1697,101,98,108,114,139,81,1193,0.0,False
jmeter_create_issue:fill_and_submit_issue_form,1697,311,305,334,348,395,268,1439,0.0,False
jmeter_browse_projects,3798,95,92,109,119,143,78,232,0.0,False
jmeter_view_kanban_board,2956,257,253,302,322,380,173,2671,0.0,False
jmeter_edit_issue:open_editor,2113,145,140,164,176,205,114,814,0.0,False
jmeter_edit_issue:save_edit,2113,438,405,536,645,878,233,1271,0.0,False
jmeter_view_project_summary,1267,177,173,207,218,257,131,533,0.0,False
jmeter_add_comment:open_comment,841,111,109,123,129,162,92,311,0.0,False
jmeter_add_comment:save_comment,840,413,407,451,472,507,353,895,0.0,False
jmeter_browse_boards,414,126,119,152,161,190,93,296,0.0,False
selenium_login:open_login_page,144,1174,1170,1182,1188,1216,1155,1664,0.0,False
selenium_login:login_and_view_dashboard,144,2127,2136,3238,3367,3486,464,3532,0.0,False
selenium_login,144,3320,3350,4412,4564,4659,1727,4709,0.0,False
selenium_project_summary,144,365,330,495,549,614,246,623,0.0,False
selenium_browse_projects_list,144,268,265,292,302,335,226,581,0.0,False
selenium_browse_boards_list,144,221,199,221,256,635,178,1883,0.0,False
selenium_create_issue:open_quick_create,144,1418,1433,1985,2050,2156,707,2194,0.0,False
selenium_create_issue:fill_and_submit_issue_form:submit_issue_form,144,1267,1262,1793,1855,1914,618,1938,0.0,False
selenium_create_issue:fill_and_submit_issue_form,144,1870,1876,2413,2477,2605,1149,2672,0.0,False
selenium_create_issue,144,3289,3220,4384,4537,4661,1875,4727,0.0,False
selenium_edit_issue:open_edit_issue_form,144,414,413,436,443,462,376,487,0.0,False
selenium_edit_issue:save_edit_issue_form,144,671,645,765,894,1071,564,1105,0.0,False
selenium_edit_issue,144,1769,1741,1914,2022,2189,1595,2255,0.0,False
selenium_save_comment:open_comment_form,144,199,196,212,234,265,181,296,0.0,False
selenium_save_comment:submit_form,144,650,627,745,804,858,575,960,0.0,False
selenium_save_comment,144,2118,2160,2707,2781,2964,1011,3049,0.0,False
selenium_search_jql,144,1607,1620,2065,2142,2277,1009,3261,0.0,False
selenium_view_scrum_board_backlog,144,1583,1666,2050,2176,2223,764,2253,0.0,False
selenium_view_scrum_board,144,1426,1426,1972,2012,2082,751,2093,0.0,False
selenium_view_kanban_board,144,1439,1427,1963,2038,2103,743,2118,0.0,False
selenium_view_dashboard,144,221,216,243,262,310,184,431,0.0,False
selenium_view_issue,144,439,438,473,485,540,373,640,0.0,False
selenium_app_custom_action:view_sessions,144,163,160,176,180,233,134,322,0.0,True
selenium_app_custom_action,144,164,161,176,181,234,135,322,0.0,True
selenium_log_out,144,326,323,341,348,378,300,413,0.0,False
