Label,# Samples,Average,Median,90% Line,95% Line,99% Line,Min,Max,Error %,App specific
jmeter_login_and_view_dashboard,200,414,354,460,581,1030,292,4509,0.0,False
jmeter_view_issue,14416,180,170,224,256,327,132,2632,0.0,False
jmeter_search_jql,4668,489,480,547,573,627,383,2895,0.0,False
jmeter_view_dashboard,4234,75,73,88,94,118,50,206,0.0,False
jmeter_view_backlog,2534,320,310,361,390,445,265,2080,0.0,False
jmeter_view_scrum_board,3391,119,126,150,158,185,77,1982,0.0,False
jmeter_create_issue:open_quick_create,1697,77,73,93,103,123,62,1102,0.0,False
jmeter_create_issue:fill_and_submit_issue_form,1697,191,184,229,250,299,150,1183,0.0,False
jmeter_view_kanban_board,2957,123,107,191,203,232,90,954,0.0,False
jmeter_browse_projects,3799,44,42,53,57,74,35,126,0.0,False
jmeter_edit_issue:open_editor,2114,82,78,95,105,126,66,560,0.0,False
jmeter_edit_issue:save_edit,2114,230,217,282,334,425,107,770,0.0,False
jmeter_view_project_summary,1267,92,88,112,125,152,66,288,0.0,False
jmeter_add_comment:open_comment,841,53,52,58,61,72,45,113,0.0,False
jmeter_add_comment:save_comment,841,223,218,248,259,293,184,1067,0.0,False
jmeter_browse_boards,414,66,63,80,90,113,50,157,0.0,False
selenium_login:open_login_page,242,128,116,123,128,170,106,2658,0.0,False
selenium_login:login_and_view_dashboard,242,505,474,540,556,1104,393,3919,0.0,False
selenium_login,242,634,592,652,682,1225,511,6578,0.0,False
selenium_browse_projects_list,242,254,246,288,299,321,204,764,0.0,False
selenium_browse_boards_list,242,264,242,255,266,736,226,3161,0.0,False
selenium_create_issue:open_quick_create,242,688,695,727,740,764,628,975,0.0,False
selenium_create_issue:fill_and_submit_issue_form:submit_issue_form,242,604,603,609,617,628,592,645,0.0,False
selenium_create_issue:fill_and_submit_issue_form,242,1106,1102,1151,1160,1187,989,1352,0.0,False
selenium_create_issue,242,1794,1792,1870,1882,1936,1643,2038,0.0,False
selenium_edit_issue:open_edit_issue_form,242,500,475,579,621,660,397,1423,0.0,False
selenium_edit_issue:save_edit_issue_form,242,578,562,666,698,751,448,821,0.0,False
selenium_edit_issue,242,1462,1454,1558,1573,1669,1293,2429,0.0,False
selenium_save_comment:open_comment_form,242,316,315,364,375,414,226,435,0.0,False
selenium_save_comment:submit_form,242,691,686,730,755,821,579,2070,0.0,False
selenium_save_comment,242,1149,1142,1215,1237,1294,993,2964,0.0,False
selenium_search_jql,242,1179,1161,1217,1232,1405,1082,2794,0.0,False
selenium_view_scrum_board_backlog,242,1041,1210,1261,1271,1297,488,3998,0.0,False
selenium_view_scrum_board,242,786,764,829,860,890,340,3538,0.0,False
selenium_view_kanban_board,242,636,640,849,982,1221,312,1359,0.0,False
selenium_view_dashboard,242,439,433,600,641,759,198,780,0.0,False
selenium_view_issue,242,564,560,616,634,679,436,1513,0.0,False
selenium_project_summary,242,374,364,454,475,515,270,2330,0.0,False
scrum_poker_sessions,242,167,167,188,198,265,129,286,0.0,True
selenium_log_out,242,296,291,322,341,379,245,414,0.0,False
