Action,1 Node,2 Nodes,4 Nodes,App-specific
jmeter_login_and_view_dashboard,592,545,515,False
jmeter_view_dashboard,117,113,107,False
jmeter_view_issue,238,231,232,False
jmeter_search_jql,600,566,551,False
jmeter_view_scrum_board,171,175,185,False
jmeter_view_backlog,392,394,382,False
jmeter_create_issue:open_quick_create,84,88,94,False
jmeter_create_issue:fill_and_submit_issue_form,230,293,284,False
jmeter_view_kanban_board,224,216,204,False
jmeter_browse_projects,73,67,64,False
jmeter_edit_issue:open_editor,123,121,120,False
jmeter_edit_issue:save_edit,331,355,375,False
jmeter_view_project_summary,128,132,133,False
jmeter_add_comment:open_comment,83,84,84,False
jmeter_add_comment:save_comment,315,343,340,False
jmeter_browse_boards,89,79,79,False
selenium_login:open_login_page,105,104,102,False
selenium_login:login_and_view_dashboard,545,526,530,False
selenium_login,651,628,629,False
selenium_browse_projects_list,246,251,254,False
selenium_browse_boards_list,756,748,743,False
selenium_create_issue:open_quick_create,652,650,656,False
selenium_create_issue:fill_and_submit_issue_form:submit_issue_form,608,607,609,False
selenium_create_issue:fill_and_submit_issue_form,1159,1156,1159,False
selenium_create_issue,1798,1800,1804,False
selenium_edit_issue:open_edit_issue_form,652,638,654,False
selenium_edit_issue:save_edit_issue_form,693,696,704,False
selenium_edit_issue,1592,1574,1597,False
selenium_save_comment:open_comment_form,465,456,467,False
selenium_save_comment:submit_form,706,736,755,False
selenium_save_comment,1248,1268,1292,False
selenium_search_jql,1217,1138,2805,False
selenium_view_scrum_board_backlog,1192,1177,1196,False
selenium_view_scrum_board,871,890,886,False
selenium_view_kanban_board,1168,1202,1121,False
selenium_view_dashboard,557,540,591,False
selenium_view_issue,609,584,613,False
selenium_project_summary,501,519,506,False
scrum_poker_sessions,181,181,186,True
selenium_log_out,322,332,320,False
