Label,# Samples,Average,Median,90% Line,95% Line,99% Line,Min,Max,Error %,App specific
jmeter_login_and_view_dashboard,200,891,784,972,1069,2696,576,9621,0.0,False
jmeter_view_issue,14415,391,386,440,459,511,313,2335,0.0,False
jmeter_search_jql,4666,800,794,898,928,999,632,3671,0.0,False
jmeter_view_dashboard,4233,213,209,248,261,290,150,416,0.0,False
jmeter_view_scrum_board,3390,277,275,334,352,396,187,675,0.0,False
jmeter_view_backlog,2533,474,469,534,558,617,378,2079,0.0,False
jmeter_create_issue:open_quick_create,1697,90,86,102,107,144,69,1446,0.0,False
jmeter_view_kanban_board,2956,311,303,391,414,463,196,1245,0.0,False
jmeter_create_issue:fill_and_submit_issue_form,1697,514,508,544,563,614,464,2776,0.0,False
jmeter_browse_projects,3798,115,113,132,140,168,88,281,0.0,False
jmeter_view_project_summary,1267,197,194,224,238,270,144,329,0.0,False
jmeter_edit_issue:open_editor,2113,200,195,227,243,286,163,387,0.0,False
jmeter_edit_issue:save_edit,2113,659,605,783,992,1557,319,1820,0.0,False
jmeter_add_comment:open_comment,841,148,145,167,177,211,117,235,0.0,False
jmeter_add_comment:save_comment,840,621,615,680,711,764,521,896,0.0,False
jmeter_browse_boards,414,139,134,166,174,201,104,226,0.0,False
selenium_login:open_login_page,144,111,106,118,128,231,93,467,0.0,False
selenium_login:login_and_view_dashboard,144,640,594,681,1174,1385,525,1400,0.0,False
selenium_login,144,770,719,808,1389,1505,640,1876,0.0,False
selenium_project_summary,144,337,322,369,415,637,291,890,0.0,False
selenium_browse_projects_list,144,255,251,278,282,337,206,435,0.0,False
selenium_browse_boards_list,144,221,212,233,263,345,192,938,0.0,False
selenium_create_issue:open_quick_create,144,1092,1088,1485,1537,1586,631,1596,0.0,False
selenium_create_issue:fill_and_submit_issue_form:submit_issue_form,144,1199,1178,1522,1835,2027,632,2723,0.0,False
selenium_create_issue:fill_and_submit_issue_form,144,1815,1792,2147,2424,2668,1172,3501,0.0,False
selenium_create_issue,144,2908,2791,3622,3753,4256,1874,4720,0.0,False
selenium_edit_issue:open_edit_issue_form,144,450,440,497,519,568,396,861,0.0,False
selenium_edit_issue:save_edit_issue_form,144,561,549,640,669,782,448,815,0.0,False
selenium_edit_issue,144,1528,1506,1613,1690,2109,1403,2167,0.0,False
selenium_save_comment:open_comment_form,144,209,200,235,250,324,182,353,0.0,False
selenium_save_comment:submit_form,144,850,839,915,933,1026,746,1192,0.0,False
selenium_save_comment,144,2133,2112,2478,2510,2622,1222,2641,0.0,False
selenium_search_jql,144,1376,1384,1709,1770,1835,974,1969,0.0,False
selenium_view_scrum_board_backlog,144,1424,1444,1736,1765,1794,742,1803,0.0,False
selenium_view_scrum_board,144,1223,1218,1578,1626,1660,740,1691,0.0,False
selenium_view_kanban_board,144,1286,1296,1603,1631,1665,731,1692,0.0,False
selenium_view_dashboard,144,228,227,246,254,294,200,341,0.0,False
selenium_view_issue,144,502,500,555,573,619,421,666,0.0,False
selenium_app_custom_action:view_sessions,144,166,163,180,192,206,143,311,0.0,True
selenium_app_custom_action,144,166,163,180,192,206,144,311,0.0,True
selenium_log_out,144,298,293,315,326,381,274,465,0.0,False
