Label,# Samples,Average,Median,90% Line,95% Line,99% Line,Min,Max,Error %,App specific
jmeter_login_and_view_dashboard,200,1100,530,704,1004,16593,394,23732,0.0,False
jmeter_view_issue,14410,358,336,459,540,640,239,954,0.0,False
jmeter_view_dashboard,4232,217,202,294,332,398,132,590,0.0,False
jmeter_view_scrum_board,3390,292,274,377,454,584,173,785,0.0,False
jmeter_search_jql,4665,771,751,932,1003,1187,516,3166,0.0,False
jmeter_view_backlog,2533,499,480,627,697,822,327,1109,0.0,False
jmeter_create_issue:open_quick_create,1697,79,76,95,105,132,56,243,0.0,False
jmeter_create_issue:fill_and_submit_issue_form,1697,352,339,424,450,507,275,588,0.0,False
jmeter_browse_projects,3798,128,116,181,207,254,81,309,0.0,False
jmeter_view_kanban_board,2955,312,295,417,480,609,167,724,0.0,False
jmeter_edit_issue:open_editor,2113,167,162,202,220,265,119,367,0.0,False
jmeter_edit_issue:save_edit,2113,506,468,670,741,1015,345,1191,0.0,False
jmeter_view_project_summary,1267,182,173,232,257,300,121,388,0.0,False
jmeter_add_comment:open_comment,840,127,125,147,161,196,92,275,0.0,False
jmeter_add_comment:save_comment,840,460,451,532,561,624,357,912,0.0,False
jmeter_browse_boards,414,133,128,166,183,216,94,245,0.0,False
selenium_login:open_login_page,145,1184,1180,1192,1199,1232,1160,1645,0.0,False
selenium_login:login_and_view_dashboard,145,2054,2002,3132,3289,3436,537,3891,0.0,False
selenium_login,145,3255,3195,4320,4478,4628,1731,5094,0.0,False
selenium_project_summary,145,365,317,458,504,1112,275,2966,0.0,False
selenium_browse_projects_list,145,262,257,290,302,315,227,397,0.0,False
selenium_browse_boards_list,145,259,201,267,366,1450,173,1745,0.0,False
selenium_create_issue:open_quick_create,145,1406,1414,1957,2061,2132,686,2151,0.0,False
selenium_create_issue:fill_and_submit_issue_form:submit_issue_form,145,1250,1242,1768,1821,1892,620,1914,0.0,False
selenium_create_issue:fill_and_submit_issue_form,145,1848,1829,2357,2446,2531,1182,2568,0.0,False
selenium_create_issue,145,3255,3225,4329,4518,4607,1879,4653,0.0,False
selenium_edit_issue:open_edit_issue_form,145,437,425,467,480,730,382,1076,0.0,False
selenium_edit_issue:save_edit_issue_form,145,709,671,789,835,1167,567,2721,0.0,False
selenium_edit_issue,145,1827,1785,1963,2038,2271,1610,4565,0.0,False
selenium_save_comment:open_comment_form,145,211,204,243,259,306,183,311,0.0,False
selenium_save_comment:submit_form,145,671,656,752,831,884,585,997,0.0,False
selenium_save_comment,145,2115,2141,2692,2773,2969,1007,3037,0.0,False
selenium_search_jql,145,1594,1568,2049,2149,2250,1008,3319,0.0,False
selenium_view_scrum_board_backlog,145,1586,1646,2062,2127,2358,735,2402,0.0,False
selenium_view_scrum_board,145,1430,1397,1964,2021,2083,746,2103,0.0,False
selenium_view_kanban_board,145,1436,1418,1934,2008,2085,754,2108,0.0,False
selenium_view_dashboard,145,223,216,249,254,321,181,448,0.0,False
selenium_view_issue,145,464,457,535,557,606,381,659,0.0,False
selenium_log_out,145,316,310,349,361,388,282,408,0.0,False
