Label,# Samples,Average,Median,90% Line,95% Line,99% Line,Min,Max,Error %,App specific
jmeter_login_and_view_dashboard,200,333,318,373,405,492,283,1390,0.0,False
jmeter_view_issue,14415,195,170,292,389,453,128,1071,0.0,False
jmeter_search_jql,4666,536,501,721,798,895,374,1565,0.0,False
jmeter_view_dashboard,4232,81,74,112,138,180,50,1039,0.0,False
jmeter_view_scrum_board,3390,142,122,276,343,403,75,1020,0.0,False
jmeter_view_backlog,2533,346,316,433,604,674,253,1209,0.0,False
jmeter_create_issue:open_quick_create,1697,74,65,119,140,173,54,233,0.0,False
jmeter_create_issue:fill_and_submit_issue_form,1697,184,175,225,253,308,146,985,0.0,False
jmeter_view_kanban_board,2956,129,109,204,221,259,88,1022,0.0,False
jmeter_browse_projects,3798,52,46,77,98,129,35,864,0.0,False
jmeter_edit_issue:open_editor,2113,93,82,139,175,219,65,292,0.0,False
jmeter_edit_issue:save_edit,2113,236,210,348,392,477,109,771,0.0,False
jmeter_view_project_summary,1267,107,89,191,225,270,64,323,0.0,False
jmeter_add_comment:open_comment,841,69,55,113,129,167,42,199,0.0,False
jmeter_add_comment:save_comment,841,273,231,426,451,511,181,589,0.0,False
jmeter_browse_boards,414,66,64,80,94,119,48,160,0.0,False
selenium_login:open_login_page,246,119,115,126,142,171,107,322,0.0,False
selenium_login:login_and_view_dashboard,246,508,464,540,983,1168,383,1244,0.0,False
selenium_login,246,627,584,667,1093,1282,496,1360,0.0,False
selenium_browse_projects_list,246,247,243,267,284,304,195,317,0.0,False
selenium_browse_boards_list,246,275,242,260,710,756,225,789,0.0,False
selenium_create_issue:open_quick_create,246,682,685,725,730,760,608,791,0.0,False
selenium_create_issue:fill_and_submit_issue_form:submit_issue_form,246,603,602,607,609,621,589,633,0.0,False
selenium_create_issue:fill_and_submit_issue_form,246,1095,1093,1140,1149,1166,993,1169,0.0,False
selenium_create_issue,246,1777,1779,1852,1862,1886,1641,1909,0.0,False
selenium_edit_issue:open_edit_issue_form,246,504,482,609,626,655,401,776,0.0,False
selenium_edit_issue:save_edit_issue_form,246,566,551,646,679,706,454,710,0.0,False
selenium_edit_issue,246,1443,1437,1540,1563,1583,1297,1659,0.0,False
selenium_save_comment:open_comment_form,246,323,331,365,381,429,219,461,0.0,False
selenium_save_comment:submit_form,246,671,663,738,768,829,532,937,0.0,False
selenium_save_comment,246,1135,1129,1221,1262,1381,979,1625,0.0,False
selenium_search_jql,246,1090,1079,1128,1171,1329,1024,1412,0.0,False
selenium_view_scrum_board_backlog,246,1017,982,1258,1272,1334,754,1391,0.0,False
selenium_view_scrum_board,246,797,771,880,924,963,441,1014,0.0,False
selenium_view_kanban_board,246,653,632,864,974,1311,315,1396,0.0,False
selenium_view_dashboard,246,431,421,584,613,683,206,980,0.0,False
selenium_view_issue,246,557,558,617,635,692,416,736,0.0,False
selenium_project_summary,246,372,361,458,493,520,267,569,0.0,False
scrum_poker_sessions,246,165,160,207,248,277,126,297,0.0,True
selenium_log_out,246,290,290,318,328,346,234,362,0.0,False
