Label,# Samples,Average,Median,90% Line,95% Line,99% Line,Min,Max,Error %,App specific
jmeter_login_and_view_dashboard,200,1453,883,1450,1689,17659,448,30735,0.0,False
jmeter_view_issue,14410,594,570,770,835,1013,333,1682,0.0,False
jmeter_view_dashboard,4232,332,315,443,497,636,168,1010,0.0,False
jmeter_search_jql,4665,1155,1105,1444,1573,1996,665,3277,0.0,False
jmeter_view_scrum_board,3390,438,423,586,649,789,209,1255,0.0,False
jmeter_view_backlog,2533,707,679,912,993,1213,407,2183,0.0,False
jmeter_create_issue:open_quick_create,1697,125,116,176,192,249,62,376,0.0,False
jmeter_create_issue:fill_and_submit_issue_form,1697,654,645,760,796,878,498,1024,0.0,False
jmeter_view_kanban_board,2955,477,465,634,685,853,218,1436,0.0,False
jmeter_browse_projects,3798,186,173,262,289,360,94,557,0.0,False
jmeter_edit_issue:open_editor,2113,286,268,387,428,517,174,751,0.0,False
jmeter_edit_issue:save_edit,2112,856,807,1069,1268,1994,323,2551,0.0,False
jmeter_view_project_summary,1267,318,310,417,455,550,160,817,0.0,False
jmeter_add_comment:open_comment,840,218,194,322,356,436,127,534,0.0,False
jmeter_add_comment:save_comment,840,794,775,980,1041,1239,546,1574,0.0,False
jmeter_browse_boards,414,210,193,293,326,412,112,589,0.0,False
selenium_login:open_login_page,139,120,110,144,172,226,90,510,0.0,False
selenium_login:login_and_view_dashboard,139,882,673,1393,1499,2171,492,6653,0.0,False
selenium_login,139,1021,808,1518,1638,2480,594,6758,0.0,False
selenium_project_summary,139,373,332,397,418,1410,244,2624,0.0,False
selenium_browse_projects_list,139,271,257,332,389,440,197,455,0.0,False
selenium_browse_boards_list,139,336,223,863,1116,1390,192,1865,0.0,False
selenium_create_issue:open_quick_create,139,1093,1113,1418,1479,1528,612,1553,0.0,False
selenium_create_issue:fill_and_submit_issue_form:submit_issue_form,139,1485,1463,1838,1890,1981,649,2657,0.0,False
selenium_create_issue:fill_and_submit_issue_form,139,2062,2067,2415,2452,2567,1160,3062,0.0,False
selenium_create_issue,139,3156,3109,3846,3936,4107,1894,4213,0.0,False
selenium_edit_issue:open_edit_issue_form,139,486,454,580,633,747,385,1087,0.0,False
selenium_edit_issue:save_edit_issue_form,139,607,571,769,944,1027,448,1273,0.0,False
selenium_edit_issue,139,1724,1589,2254,2436,2581,1311,2956,0.0,False
selenium_save_comment:open_comment_form,139,236,221,300,323,408,170,453,0.0,False
selenium_save_comment:submit_form,139,937,919,1027,1075,1238,727,2949,0.0,False
selenium_save_comment,139,2186,2192,2543,2621,2822,1343,3785,0.0,False
selenium_search_jql,139,1875,1771,2399,2537,3350,1243,3584,0.0,False
selenium_view_scrum_board_backlog,139,1438,1365,1786,1808,1968,805,2974,0.0,False
selenium_view_scrum_board,139,1190,1209,1528,1581,1693,723,2315,0.0,False
selenium_view_kanban_board,139,1245,1273,1544,1617,1662,705,1683,0.0,False
selenium_view_dashboard,139,254,244,302,330,393,195,430,0.0,False
selenium_view_issue,139,553,542,647,682,726,430,902,0.0,False
selenium_log_out,139,322,312,376,386,409,262,666,0.0,False
