Label,# Samples,Average,Median,90% Line,95% Line,99% Line,Min,Max,Error %,App specific
jmeter_login_and_view_dashboard,200,586,512,646,800,2800,403,5140,0.0,False
jmeter_view_issue,14412,287,283,317,331,365,239,2172,0.0,False
jmeter_search_jql,4666,627,620,694,720,778,488,2163,0.0,False
jmeter_view_dashboard,4233,173,170,197,209,244,128,525,0.0,False
jmeter_create_issue:open_quick_create,1697,79,77,88,91,106,67,205,0.0,False
jmeter_view_scrum_board,3390,229,228,264,277,311,171,2140,0.0,False
jmeter_create_issue:fill_and_submit_issue_form,1697,309,304,338,350,385,271,963,0.0,False
jmeter_view_backlog,2533,386,380,430,447,489,317,3081,0.0,False
jmeter_view_kanban_board,2956,251,247,299,314,358,175,1106,0.0,False
jmeter_browse_projects,3799,98,95,112,118,145,79,217,0.0,False
jmeter_edit_issue:open_editor,2113,143,140,161,170,201,116,298,0.0,False
jmeter_edit_issue:save_edit,2113,421,396,506,594,805,219,987,0.0,False
jmeter_view_project_summary,1267,158,155,179,190,235,127,361,0.0,False
jmeter_add_comment:open_comment,840,111,109,125,132,168,86,204,0.0,False
jmeter_add_comment:save_comment,840,408,403,449,466,500,347,604,0.0,False
jmeter_browse_boards,414,112,109,126,132,165,93,195,0.0,False
selenium_login:open_login_page,144,1187,1164,1175,1180,1186,1153,4252,0.0,False
selenium_login:login_and_view_dashboard,144,2163,2140,3272,3428,3572,559,5591,0.0,False
selenium_login,144,3367,3324,4461,4611,4754,1730,10224,0.0,False
selenium_project_summary,144,351,312,454,507,604,288,2690,0.0,False
selenium_browse_projects_list,144,262,262,281,285,301,213,302,0.0,False
selenium_browse_boards_list,144,235,190,216,364,1509,172,2617,0.0,False
selenium_create_issue:open_quick_create,144,1426,1438,2018,2138,2196,655,2215,0.0,False
selenium_create_issue:fill_and_submit_issue_form:submit_issue_form,144,1274,1280,1801,1856,1917,619,1931,0.0,False
selenium_create_issue:fill_and_submit_issue_form,144,1866,1834,2395,2448,2564,1129,2617,0.0,False
selenium_create_issue,144,3293,3262,4409,4578,4691,1864,4757,0.0,False
selenium_edit_issue:open_edit_issue_form,144,412,404,431,437,473,372,1384,0.0,False
selenium_edit_issue:save_edit_issue_form,144,660,630,675,749,1026,563,3289,0.0,False
selenium_edit_issue,144,1759,1726,1814,1858,2123,1603,5472,0.0,False
selenium_save_comment:open_comment_form,144,199,194,214,245,269,179,302,0.0,False
selenium_save_comment:submit_form,144,640,626,706,771,878,554,890,0.0,False
selenium_save_comment,144,2074,2064,2690,2872,3099,975,3132,0.0,False
selenium_search_jql,144,1550,1560,2039,2125,2444,975,3247,0.0,False
selenium_view_scrum_board_backlog,144,1618,1648,2093,2162,2266,791,3124,0.0,False
selenium_view_scrum_board,144,1435,1411,1982,2040,2132,750,2365,0.0,False
selenium_view_kanban_board,144,1446,1434,1960,2028,2090,743,2102,0.0,False
selenium_view_dashboard,144,220,214,249,259,322,182,379,0.0,False
selenium_view_issue,144,431,432,466,476,488,358,502,0.0,False
selenium_app_custom_action:view_sessions,144,158,156,170,177,192,137,249,0.0,True
selenium_app_custom_action,144,158,156,170,177,193,137,250,0.0,True
selenium_log_out,144,305,304,318,322,331,282,365,0.0,False
