Label,# Samples,Average,Median,90% Line,95% Line,99% Line,Min,Max,Error %,App specific
jmeter_login_and_view_dashboard,200,314,300,353,368,583,263,1067,0.0,False
jmeter_view_issue,14413,181,153,303,376,436,119,900,0.0,False
jmeter_search_jql,4666,512,481,686,761,860,353,1735,0.0,False
jmeter_view_dashboard,4233,75,65,113,141,177,48,272,0.0,False
jmeter_view_scrum_board,3391,138,118,287,332,405,72,880,0.0,False
jmeter_view_backlog,2534,312,284,411,543,617,217,778,0.0,False
jmeter_create_issue:open_quick_create,1697,79,67,137,168,204,54,260,0.0,False
jmeter_create_issue:fill_and_submit_issue_form,1697,212,184,323,357,407,145,496,0.0,False
jmeter_view_kanban_board,2956,134,107,218,237,277,85,406,0.0,False
jmeter_browse_projects,3799,53,44,87,105,134,36,235,0.0,False
jmeter_edit_issue:open_editor,2114,98,81,174,202,243,65,331,0.0,False
jmeter_edit_issue:save_edit,2113,232,204,338,384,509,154,749,0.0,False
jmeter_view_project_summary,1267,90,80,118,170,219,59,401,0.0,False
jmeter_add_comment:open_comment,841,57,51,66,91,130,45,366,0.0,False
jmeter_add_comment:save_comment,841,209,203,239,259,304,168,387,0.0,False
jmeter_browse_boards,414,72,55,126,147,174,45,219,0.0,False
selenium_login:open_login_page,239,120,115,125,135,163,105,794,0.0,False
selenium_login:login_and_view_dashboard,239,832,1042,1141,1184,1240,396,2063,0.0,False
selenium_login,239,953,1150,1266,1299,1352,510,2858,0.0,False
selenium_browse_projects_list,239,232,229,253,261,309,196,324,0.0,False
selenium_browse_boards_list,239,274,241,256,708,767,224,1566,0.0,False
selenium_create_issue:open_quick_create,239,679,683,719,729,753,612,793,0.0,False
selenium_create_issue:fill_and_submit_issue_form:submit_issue_form,239,603,602,607,609,624,591,645,0.0,False
selenium_create_issue:fill_and_submit_issue_form,239,1172,1106,1153,1168,3520,993,3565,0.0,False
selenium_create_issue,239,1852,1787,1850,1890,4162,1606,4216,0.0,False
selenium_edit_issue:open_edit_issue_form,239,497,473,575,589,639,375,703,0.0,False
selenium_edit_issue:save_edit_issue_form,239,576,557,670,712,731,445,960,0.0,False
selenium_edit_issue,239,1453,1440,1574,1598,1681,1295,1846,0.0,False
selenium_save_comment:open_comment_form,239,319,318,370,387,431,214,540,0.0,False
selenium_save_comment:submit_form,239,697,680,774,818,912,599,1195,0.0,False
selenium_save_comment,239,1163,1145,1265,1326,1640,1000,1686,0.0,False
selenium_search_jql,239,1170,1155,1218,1265,1448,1063,1912,0.0,False
selenium_view_scrum_board_backlog,239,1039,1196,1259,1287,1312,752,2225,0.0,False
selenium_view_scrum_board,239,785,763,831,867,934,743,2171,0.0,False
selenium_view_kanban_board,239,634,596,884,1069,1303,298,1370,0.0,False
selenium_view_dashboard,239,431,430,580,635,720,200,785,0.0,False
selenium_view_issue,239,555,558,614,626,659,423,685,0.0,False
selenium_project_summary,239,352,341,434,469,514,261,680,0.0,False
selenium_log_out,239,312,309,351,364,411,254,429,0.0,False
