Label,# Samples,Average,Median,90% Line,95% Line,99% Line,Min,Max,Error %,App specific
jmeter_login_and_view_dashboard,200,477,456,587,634,674,328,800,0.0,False
jmeter_view_issue,14413,336,325,402,442,523,233,776,0.0,False
jmeter_search_jql,4666,771,756,901,950,1075,502,1568,0.0,False
jmeter_view_dashboard,4232,224,218,269,304,363,134,474,0.0,False
jmeter_view_scrum_board,3390,293,288,367,408,495,182,697,0.0,False
jmeter_view_backlog,2533,503,488,592,641,743,349,1140,0.0,False
jmeter_create_issue:open_quick_create,1697,77,74,89,103,174,51,237,0.0,False
jmeter_create_issue:fill_and_submit_issue_form,1697,228,213,290,331,413,160,597,0.0,False
jmeter_view_kanban_board,2956,268,252,340,366,429,174,763,0.0,False
jmeter_browse_projects,3798,128,123,153,180,237,86,358,0.0,False
jmeter_edit_issue:open_editor,2113,170,164,199,233,302,119,494,0.0,False
jmeter_edit_issue:save_edit,2113,419,399,509,564,740,280,1269,0.0,False
jmeter_view_project_summary,1267,187,179,238,266,321,123,424,0.0,False
jmeter_add_comment:open_comment,841,135,130,154,179,259,95,313,0.0,False
jmeter_add_comment:save_comment,840,422,406,512,553,652,303,908,0.0,False
jmeter_browse_boards,414,142,135,172,197,247,104,268,0.0,False
selenium_login:open_login_page,177,100,96,108,122,190,82,299,0.0,False
selenium_login:login_and_view_dashboard,177,662,576,1172,1217,1302,445,2109,0.0,False
selenium_login,177,763,674,1264,1322,1404,540,2199,0.0,False
selenium_project_summary,177,371,367,430,444,496,265,520,0.0,False
selenium_browse_projects_list,177,298,296,329,342,376,228,395,0.0,False
selenium_browse_boards_list,177,517,225,1040,1096,1152,197,1240,0.0,False
selenium_create_issue:open_quick_create,177,877,903,1097,1143,1161,590,1166,0.0,False
selenium_create_issue:fill_and_submit_issue_form:submit_issue_form,177,819,815,1014,1033,1069,590,1081,0.0,False
selenium_create_issue:fill_and_submit_issue_form,177,1379,1373,1604,1633,1683,1080,1715,0.0,False
selenium_create_issue,177,2257,2263,2675,2734,2837,1704,2873,0.0,False
selenium_edit_issue:open_edit_issue_form,177,395,378,450,478,572,329,756,0.0,False
selenium_edit_issue:save_edit_issue_form,177,468,459,516,551,632,387,678,0.0,False
selenium_edit_issue,177,1392,1309,1829,1930,2042,1181,2077,0.0,False
selenium_save_comment:open_comment_form,177,190,181,219,235,308,161,322,0.0,False
selenium_save_comment:submit_form,177,627,621,699,739,786,517,865,0.0,False
selenium_save_comment,177,1690,1681,1904,1928,1969,1324,1972,0.0,False
selenium_search_jql,177,1324,1235,1815,1892,2144,920,2945,0.0,False
selenium_view_scrum_board_backlog,177,1235,1147,1625,1656,1701,713,1716,0.0,False
selenium_view_scrum_board,177,991,1010,1179,1206,1233,702,1313,0.0,False
selenium_view_kanban_board,177,1081,1107,1257,1299,1389,699,1396,0.0,False
selenium_view_dashboard,177,226,224,251,256,324,181,339,0.0,False
selenium_view_issue,177,469,462,521,547,634,365,676,0.0,False
selenium_app_custom_action:view_sessions,177,161,159,179,198,225,132,268,0.0,True
selenium_app_custom_action,177,162,159,180,198,225,132,268,0.0,True
selenium_log_out,177,277,268,311,356,378,229,403,0.0,False
