Label,# Samples,Average,Median,90% Line,95% Line,99% Line,Min,Max,Error %,App specific
jmeter_login_and_view_dashboard,200,1180,828,1108,2093,9812,583,13802,0.0,False
jmeter_view_issue,14411,379,371,418,438,516,311,2750,0.0,False
jmeter_view_dashboard,4232,207,201,240,254,304,148,754,0.0,False
jmeter_search_jql,4665,774,761,841,874,1029,639,4387,0.0,False
jmeter_create_issue:open_quick_create,1697,108,102,118,126,161,83,1763,0.0,False
jmeter_view_scrum_board,3390,267,262,316,335,386,190,2585,0.0,False
jmeter_view_backlog,2533,435,424,481,504,599,365,2996,0.0,False
jmeter_create_issue:fill_and_submit_issue_form,1697,523,513,552,575,648,469,2962,0.0,False
jmeter_view_kanban_board,2956,302,291,361,382,576,202,2757,0.0,False
jmeter_browse_projects,3798,110,106,127,134,161,90,312,0.0,False
jmeter_edit_issue:open_editor,2113,197,192,219,234,262,162,1194,0.0,False
jmeter_edit_issue:save_edit,2113,647,583,797,1040,1579,285,2233,0.0,False
jmeter_view_project_summary,1267,194,191,216,228,258,155,682,0.0,False
jmeter_add_comment:open_comment,840,142,139,160,170,191,119,551,0.0,False
jmeter_add_comment:save_comment,840,611,602,663,695,771,515,1381,0.0,False
jmeter_browse_boards,414,128,126,143,151,171,107,298,0.0,False
selenium_login:open_login_page,144,127,101,113,123,238,93,3129,0.0,False
selenium_login:login_and_view_dashboard,144,632,596,684,707,1302,525,2174,0.0,False
selenium_login,144,779,716,808,869,1418,643,5320,0.0,False
selenium_project_summary,144,371,330,387,462,1303,298,2786,0.0,False
selenium_browse_projects_list,144,254,249,270,288,340,220,351,0.0,False
selenium_browse_boards_list,144,236,210,259,282,791,193,1699,0.0,False
selenium_create_issue:open_quick_create,144,1009,1038,1403,1506,1539,629,1545,0.0,False
selenium_create_issue:fill_and_submit_issue_form:submit_issue_form,144,1210,1188,1538,1666,2345,664,4223,0.0,False
selenium_create_issue:fill_and_submit_issue_form,144,1821,1790,2181,2299,2922,1263,4735,0.0,False
selenium_create_issue,144,2831,2750,3530,3659,3942,1917,6035,0.0,False
selenium_edit_issue:open_edit_issue_form,144,446,439,467,503,567,393,1048,0.0,False
selenium_edit_issue:save_edit_issue_form,144,552,529,626,659,845,466,881,0.0,False
selenium_edit_issue,144,1515,1488,1605,1636,1966,1382,2673,0.0,False
selenium_save_comment:open_comment_form,144,203,198,219,235,272,182,367,0.0,False
selenium_save_comment:submit_form,144,853,839,895,914,982,697,2619,0.0,False
selenium_save_comment,144,2158,2153,2492,2567,2637,1594,3447,0.0,False
selenium_search_jql,144,1376,1354,1693,1765,1980,937,2708,0.0,False
selenium_view_scrum_board_backlog,144,1456,1554,1733,1754,1769,764,2330,0.0,False
selenium_view_scrum_board,144,1230,1222,1593,1639,1702,748,2092,0.0,False
selenium_view_kanban_board,144,1270,1270,1582,1634,1659,740,1668,0.0,False
selenium_view_dashboard,144,227,221,247,256,315,206,355,0.0,False
selenium_view_issue,144,489,487,533,548,574,418,610,0.0,False
selenium_app_custom_action:view_sessions,144,167,161,188,201,269,147,316,0.0,True
selenium_app_custom_action,144,167,162,188,202,269,147,317,0.0,True
selenium_log_out,144,308,304,334,345,369,281,384,0.0,False
