Label,# Samples,Average,Median,90% Line,95% Line,99% Line,Min,Max,Error %,App specific
jmeter_login_and_view_dashboard,200,548,377,592,643,2191,301,18272,0.0,False
jmeter_view_dashboard,4233,98,94,117,126,165,66,504,0.0,False
jmeter_view_issue,14412,206,200,238,255,322,152,2519,0.0,False
jmeter_search_jql,4666,525,513,600,637,741,406,3656,0.0,False
jmeter_view_scrum_board,3390,133,134,171,184,231,79,1795,0.0,False
jmeter_view_backlog,2534,336,327,392,414,490,258,2458,0.0,False
jmeter_create_issue:open_quick_create,1697,73,71,84,92,126,55,664,0.0,False
jmeter_create_issue:fill_and_submit_issue_form,1697,198,192,230,252,303,154,1161,0.0,False
jmeter_view_kanban_board,2956,140,122,224,243,287,93,1208,0.0,False
jmeter_browse_projects,3798,63,61,73,79,114,48,268,0.0,False
jmeter_edit_issue:open_editor,2113,108,105,123,135,181,82,1253,0.0,False
jmeter_edit_issue:save_edit,2113,267,251,331,387,491,146,1327,0.0,False
jmeter_view_project_summary,1267,110,105,128,143,182,74,675,0.0,False
jmeter_add_comment:open_comment,841,74,72,83,88,119,58,224,0.0,False
jmeter_add_comment:save_comment,840,270,263,315,338,400,208,897,0.0,False
jmeter_browse_boards,414,77,74,89,97,140,58,303,0.0,False
selenium_login:open_login_page,233,103,98,105,108,140,90,942,0.0,False
selenium_login:login_and_view_dashboard,233,625,486,545,1023,1116,454,23170,0.0,False
selenium_login,233,729,587,651,1119,1211,550,24113,0.0,False
selenium_browse_projects_list,233,231,230,246,254,277,204,286,0.0,False
selenium_browse_boards_list,233,367,249,756,763,796,217,3768,0.0,False
selenium_create_issue:open_quick_create,233,641,638,652,656,695,612,1104,0.0,False
selenium_create_issue:fill_and_submit_issue_form:submit_issue_form,233,600,601,608,609,613,585,618,0.0,False
selenium_create_issue:fill_and_submit_issue_form,233,1124,1112,1159,1168,1201,1012,3506,0.0,False
selenium_create_issue,233,1765,1753,1798,1813,1852,1640,4611,0.0,False
selenium_edit_issue:open_edit_issue_form,233,557,568,652,664,677,394,1484,0.0,False
selenium_edit_issue:save_edit_issue_form,233,556,539,693,726,761,469,790,0.0,False
selenium_edit_issue,233,1456,1431,1592,1620,1720,1335,3042,0.0,False
selenium_save_comment:open_comment_form,233,391,384,465,472,489,281,524,0.0,False
selenium_save_comment:submit_form,233,667,652,706,723,866,530,2330,0.0,False
selenium_save_comment,233,1168,1149,1248,1281,1588,979,2847,0.0,False
selenium_search_jql,233,1179,1170,1217,1240,1300,1101,2783,0.0,False
selenium_view_scrum_board_backlog,233,1073,1074,1192,1212,1258,768,4840,0.0,False
selenium_view_scrum_board,233,819,794,871,881,957,440,3448,0.0,False
selenium_view_kanban_board,233,775,723,1168,1217,1348,311,1422,0.0,False
selenium_view_dashboard,233,384,363,557,615,680,181,730,0.0,False
selenium_view_issue,233,541,546,609,639,664,400,688,0.0,False
selenium_project_summary,233,411,388,501,525,583,297,2862,0.0,False
scrum_poker_sessions,233,162,156,181,209,289,130,328,0.0,True
selenium_log_out,233,297,293,322,336,400,248,421,0.0,False
