Label,# Samples,Average,Median,90% Line,95% Line,99% Line,Min,Max,Error %,App specific
jmeter_login_and_view_dashboard,200,357,351,392,411,439,306,458,0.0,False
jmeter_view_issue,14413,217,213,244,257,287,176,606,0.0,False
jmeter_search_jql,4666,515,509,575,595,640,395,1071,0.0,False
jmeter_view_dashboard,4233,92,90,105,111,141,70,246,0.0,False
jmeter_view_scrum_board,3390,146,151,185,195,228,98,477,0.0,False
jmeter_view_backlog,2534,353,348,394,412,447,294,748,0.0,False
jmeter_create_issue:open_quick_create,1697,75,73,83,86,120,61,204,0.0,False
jmeter_create_issue:fill_and_submit_issue_form,1697,292,288,314,329,362,258,411,0.0,False
jmeter_view_kanban_board,2956,153,139,223,238,264,117,391,0.0,False
jmeter_browse_projects,3799,66,65,74,78,108,54,254,0.0,False
jmeter_edit_issue:open_editor,2114,117,115,128,133,167,98,249,0.0,False
jmeter_edit_issue:save_edit,2113,323,300,389,441,678,252,1189,0.0,False
jmeter_view_project_summary,1267,119,115,138,148,175,93,201,0.0,False
jmeter_add_comment:open_comment,841,83,82,90,94,130,68,194,0.0,False
jmeter_add_comment:save_comment,840,333,328,364,379,412,291,440,0.0,False
jmeter_browse_boards,414,77,76,83,85,105,66,172,0.0,False
selenium_login:open_login_page,225,101,97,104,107,119,88,755,0.0,False
selenium_login:login_and_view_dashboard,225,853,1036,1150,1164,1225,458,2645,0.0,False
selenium_login,225,955,1135,1250,1265,1328,558,3401,0.0,False
selenium_browse_projects_list,225,228,228,245,251,279,201,291,0.0,False
selenium_browse_boards_list,225,362,249,755,760,766,231,1614,0.0,False
selenium_create_issue:open_quick_create,225,640,638,652,659,675,616,792,0.0,False
selenium_create_issue:fill_and_submit_issue_form:submit_issue_form,225,598,597,606,610,616,586,638,0.0,False
selenium_create_issue:fill_and_submit_issue_form,225,1184,1115,1164,1185,3481,1013,3543,0.0,False
selenium_create_issue,225,1825,1754,1807,1844,4119,1651,4186,0.0,False
selenium_edit_issue:open_edit_issue_form,225,537,495,653,664,685,414,735,0.0,False
selenium_edit_issue:save_edit_issue_form,225,574,542,727,741,779,470,822,0.0,False
selenium_edit_issue,225,1473,1442,1631,1651,1726,1350,1890,0.0,False
selenium_save_comment:open_comment_form,225,388,368,468,482,492,227,522,0.0,False
selenium_save_comment:submit_form,225,715,714,763,778,818,595,1242,0.0,False
selenium_save_comment,225,1207,1208,1292,1311,1349,1021,1654,0.0,False
selenium_search_jql,225,1320,1311,1376,1397,1456,1227,2107,0.0,False
selenium_view_scrum_board_backlog,225,1050,1128,1193,1208,1318,767,2381,0.0,False
selenium_view_scrum_board,225,823,804,877,888,915,731,2138,0.0,False
selenium_view_kanban_board,225,960,954,1228,1278,1355,392,1416,0.0,False
selenium_view_dashboard,225,337,345,481,584,641,187,716,0.0,False
selenium_view_issue,225,538,537,602,623,664,413,706,0.0,False
selenium_project_summary,225,396,377,482,501,543,295,763,0.0,False
selenium_log_out,225,310,307,341,348,373,257,410,0.0,False
