Label,# Samples,Average,Median,90% Line,95% Line,99% Line,Min,Max,Error %,App specific
jmeter_login_and_view_dashboard,200,852,795,1169,1296,1470,543,1487,0.0,False
jmeter_view_issue,14413,639,633,766,809,898,339,1188,0.0,False
jmeter_view_dashboard,4233,386,383,500,538,612,154,792,0.0,False
jmeter_search_jql,4665,1192,1160,1454,1561,1774,634,2318,0.0,False
jmeter_view_scrum_board,3390,487,474,636,685,771,200,1012,0.0,False
jmeter_view_backlog,2534,754,743,893,939,1049,400,1417,0.0,False
jmeter_create_issue:open_quick_create,1697,138,138,191,204,241,63,289,0.0,False
jmeter_create_issue:fill_and_submit_issue_form,1697,626,616,715,747,794,480,915,0.0,False
jmeter_view_kanban_board,2956,520,520,670,725,819,201,1148,0.0,False
jmeter_browse_projects,3798,207,201,281,308,362,92,479,0.0,False
jmeter_edit_issue:open_editor,2113,341,347,447,476,528,170,700,0.0,False
jmeter_edit_issue:save_edit,2113,857,799,1127,1411,2028,348,2626,0.0,False
jmeter_view_project_summary,1267,337,341,430,464,531,156,688,0.0,False
jmeter_add_comment:open_comment,841,236,232,314,331,374,121,489,0.0,False
jmeter_add_comment:save_comment,840,790,779,917,993,1129,556,1319,0.0,False
jmeter_browse_boards,414,267,270,339,363,399,120,423,0.0,False
selenium_login:open_login_page,136,129,118,168,185,211,87,413,0.0,False
selenium_login:login_and_view_dashboard,136,742,650,1304,1395,1473,493,1547,0.0,False
selenium_login,136,891,801,1430,1546,1659,600,1823,0.0,False
selenium_project_summary,136,361,338,413,433,1137,271,1425,0.0,False
selenium_browse_projects_list,136,280,269,342,367,401,208,421,0.0,False
selenium_browse_boards_list,136,320,232,360,1093,1373,199,1399,0.0,False
selenium_create_issue:open_quick_create,136,1109,1136,1462,1500,1517,609,1563,0.0,False
selenium_create_issue:fill_and_submit_issue_form:submit_issue_form,136,1474,1493,1894,1928,1975,630,1990,0.0,False
selenium_create_issue:fill_and_submit_issue_form,136,2068,2079,2501,2545,2574,1199,2637,0.0,False
selenium_create_issue,136,3178,3196,3948,4037,4080,1825,4142,0.0,False
selenium_edit_issue:open_edit_issue_form,136,519,499,630,672,892,382,896,0.0,False
selenium_edit_issue:save_edit_issue_form,136,594,588,694,745,838,467,1020,0.0,False
selenium_edit_issue,136,1808,1699,2360,2492,2741,1364,2886,0.0,False
selenium_save_comment:open_comment_form,136,239,230,298,326,365,174,379,0.0,False
selenium_save_comment:submit_form,136,943,950,1055,1095,1164,712,1166,0.0,False
selenium_save_comment,136,2238,2238,2612,2698,2755,1490,2917,0.0,False
selenium_search_jql,136,1642,1578,2116,2292,2464,1058,2874,0.0,False
selenium_view_scrum_board_backlog,136,1465,1442,1872,1942,1963,746,2065,0.0,False
selenium_view_scrum_board,136,1213,1202,1570,1625,1715,730,1778,0.0,False
selenium_view_kanban_board,136,1276,1279,1580,1607,1699,719,1751,0.0,False
selenium_view_dashboard,136,265,263,318,339,383,196,413,0.0,False
selenium_view_issue,136,569,564,693,718,777,425,792,0.0,False
selenium_app_custom_action:view_sessions,136,202,193,254,276,305,145,323,0.0,True
selenium_app_custom_action,136,202,193,255,276,305,145,324,0.0,True
selenium_log_out,136,337,332,395,431,464,255,556,0.0,False
