Label,# Samples,Average,Median,90% Line,95% Line,99% Line,Min,Max,Error %,App specific
jmeter_login_and_view_dashboard,200,804,551,797,1278,8430,389,10360,0.0,False
jmeter_view_issue,14413,290,279,338,366,428,229,3965,0.0,False
jmeter_search_jql,4666,648,635,723,756,839,500,7778,0.0,False
jmeter_view_dashboard,4232,190,183,223,247,300,126,415,0.0,False
jmeter_create_issue:open_quick_create,1697,102,94,128,141,187,71,2620,0.0,False
jmeter_view_scrum_board,3390,251,251,305,321,368,174,4566,0.0,False
jmeter_view_kanban_board,2956,233,223,282,296,344,180,1443,0.0,False
jmeter_create_issue:fill_and_submit_issue_form,1697,277,287,343,360,410,158,2621,0.0,False
jmeter_view_backlog,2533,424,409,485,515,591,324,7804,0.0,False
jmeter_browse_projects,3798,100,96,116,128,168,82,283,0.0,False
jmeter_view_project_summary,1267,166,156,208,232,288,126,400,0.0,False
jmeter_edit_issue:open_editor,2113,158,151,188,209,252,118,2156,0.0,False
jmeter_edit_issue:save_edit,2113,383,380,452,495,742,228,1289,0.0,False
jmeter_add_comment:open_comment,841,115,110,134,146,197,88,361,0.0,False
jmeter_add_comment:save_comment,840,370,367,444,461,514,275,739,0.0,False
jmeter_browse_boards,414,115,113,129,135,165,94,274,0.0,False
selenium_login:open_login_page,181,99,94,103,108,184,83,534,0.0,False
selenium_login:login_and_view_dashboard,181,596,581,625,650,1231,436,1236,0.0,False
selenium_login,181,695,677,725,766,1327,536,1472,0.0,False
selenium_project_summary,181,377,371,419,435,506,298,604,0.0,False
selenium_browse_projects_list,181,298,297,325,333,360,245,387,0.0,False
selenium_browse_boards_list,181,334,210,781,928,1070,188,1151,0.0,False
selenium_create_issue:open_quick_create,181,819,878,1043,1120,1146,587,1158,0.0,False
selenium_create_issue:fill_and_submit_issue_form:submit_issue_form,181,813,807,1010,1029,1064,587,1077,0.0,False
selenium_create_issue:fill_and_submit_issue_form,181,1372,1370,1568,1621,1674,1083,1704,0.0,False
selenium_create_issue,181,2192,2190,2528,2665,2803,1695,2863,0.0,False
selenium_edit_issue:open_edit_issue_form,181,377,368,415,429,524,330,722,0.0,False
selenium_edit_issue:save_edit_issue_form,181,447,440,494,505,565,390,667,0.0,False
selenium_edit_issue,181,1317,1277,1362,1820,2054,1172,2091,0.0,False
selenium_save_comment:open_comment_form,181,183,175,203,221,315,158,390,0.0,False
selenium_save_comment:submit_form,181,648,650,717,737,790,532,933,0.0,False
selenium_save_comment,181,1698,1680,1888,1931,1977,1347,1993,0.0,False
selenium_search_jql,181,1364,1284,1834,1902,2022,1038,2089,0.0,False
selenium_view_scrum_board_backlog,181,1205,1120,1576,1612,1646,717,1672,0.0,False
selenium_view_scrum_board,181,982,978,1172,1207,1241,710,1254,0.0,False
selenium_view_kanban_board,181,1084,1095,1246,1362,1456,705,1671,0.0,False
selenium_view_dashboard,181,228,221,248,261,321,199,448,0.0,False
selenium_view_issue,181,465,460,513,531,591,396,612,0.0,False
selenium_app_custom_action:view_sessions,181,161,157,174,185,276,133,368,0.0,True
selenium_app_custom_action,181,161,157,174,185,276,133,368,0.0,True
selenium_log_out,181,280,275,299,316,378,250,538,0.0,False
