Label,# Samples,Average,Median,90% Line,95% Line,99% Line,Min,Max,Error %,App specific
jmeter_login_and_view_dashboard,200,592,329,431,1057,8159,286,11968,0.0,False
jmeter_view_issue,14412,198,176,289,317,377,130,1004,0.0,False
jmeter_view_dashboard,4233,81,76,108,123,156,51,237,0.0,False
jmeter_search_jql,4666,529,506,657,701,799,379,2815,0.0,False
jmeter_view_scrum_board,3390,133,124,217,247,299,74,967,0.0,False
jmeter_create_issue:open_quick_create,1697,79,69,117,132,167,53,404,0.0,False
jmeter_view_kanban_board,2956,133,106,207,260,295,83,411,0.0,False
jmeter_create_issue:fill_and_submit_issue_form,1697,205,185,288,319,385,147,495,0.0,False
jmeter_view_backlog,2534,338,313,448,484,584,247,1002,0.0,False
jmeter_browse_projects,3799,51,47,71,82,110,36,204,0.0,False
jmeter_edit_issue:open_editor,2113,90,82,125,141,170,65,256,0.0,False
jmeter_view_project_summary,1267,90,83,119,140,180,60,238,0.0,False
jmeter_edit_issue:save_edit,2113,242,219,329,369,465,107,1071,0.0,False
jmeter_add_comment:open_comment,841,61,56,84,93,124,44,194,0.0,False
jmeter_add_comment:save_comment,840,255,234,347,388,473,181,568,0.0,False
jmeter_browse_boards,414,63,54,94,106,146,47,179,0.0,False
selenium_login:open_login_page,243,119,115,125,130,159,105,487,0.0,False
selenium_login:login_and_view_dashboard,243,566,464,1080,1114,1305,418,2847,0.0,False
selenium_login,243,685,579,1197,1240,1426,536,3335,0.0,False
selenium_browse_projects_list,243,254,252,275,290,331,206,509,0.0,False
selenium_browse_boards_list,243,285,244,269,710,774,224,2293,0.0,False
selenium_create_issue:open_quick_create,243,681,680,727,736,771,626,944,0.0,False
selenium_create_issue:fill_and_submit_issue_form:submit_issue_form,243,604,602,608,609,627,590,1114,0.0,False
selenium_create_issue:fill_and_submit_issue_form,243,1129,1099,1146,1155,2751,991,3547,0.0,False
selenium_create_issue,243,1811,1778,1854,1868,3517,1636,4189,0.0,False
selenium_edit_issue:open_edit_issue_form,243,508,484,601,623,706,402,860,0.0,False
selenium_edit_issue:save_edit_issue_form,243,577,566,652,698,734,455,750,0.0,False
selenium_edit_issue,243,1461,1458,1563,1596,1643,1309,1945,0.0,False
selenium_save_comment:open_comment_form,243,315,315,369,382,405,215,421,0.0,False
selenium_save_comment:submit_form,243,700,685,767,798,877,575,1755,0.0,False
selenium_save_comment,243,1157,1142,1245,1278,1557,996,2223,0.0,False
selenium_search_jql,243,1180,1162,1236,1272,1355,1084,2589,0.0,False
selenium_view_scrum_board_backlog,243,1027,1011,1261,1271,1290,461,2659,0.0,False
selenium_view_scrum_board,243,794,766,868,905,1015,454,2623,0.0,False
selenium_view_kanban_board,243,656,628,897,1003,1277,317,1383,0.0,False
selenium_view_dashboard,243,453,440,638,674,743,192,819,0.0,False
selenium_view_issue,243,557,557,632,645,669,441,710,0.0,False
selenium_project_summary,243,371,357,451,488,531,264,2089,0.0,False
selenium_log_out,243,323,324,361,378,401,261,414,0.0,False
